Location,AMA_SITE_C,AMA_Tract_ID,BG_MEAN_X,BG_MEAN_Y,BlockGroup,ACSTOTPOP,ACSIPOVBAS,ACSEDUCBAS,ACSTOTHH,ACSTOTHU,MINORPOP,MINORPCT,LOWINCOME,LOWINCPCT,LESSHS,LESSHSPCT,LINGISO,LINGISOPCT,UNDER5,UNDER5PCT,OVER64,OVER64PCT
"Phoenix, AZ",040139997,04013108902,-112.1100325,33.5048137,040131090022,2229,2229,1181,717,801,2161,0.969493046,1602,0.718707941,417,0.353090601,261,0.364016736,191,0.08568865,37,0.016599372
"Phoenix, AZ",040139997,04013108902,-112.0949697,33.50275,040131089022,1827,1827,1051,799,938,1062,0.581280788,1139,0.623426382,222,0.211227402,60,0.075093867,76,0.041598248,145,0.079365079
"Phoenix, AZ",040139997,04013108902,-112.0953028,33.51515118,040131074006,1825,1825,1111,800,990,1240,0.679452055,1408,0.771506849,77,0.069306931,0,0,137,0.075068493,172,0.094246575
"Phoenix, AZ",040139997,04013108902,-112.1061451,33.4997933,040131090031,1786,1760,928,533,621,1519,0.850503919,1237,0.702840909,319,0.34375,79,0.148217636,279,0.156215006,33,0.018477044
"Phoenix, AZ",040139997,04013108902,-112.0872495,33.49141213,040131104001,1703,1703,981,482,521,998,0.586024662,1020,0.598943042,107,0.109072375,0,0,219,0.128596594,81,0.047563124
"Phoenix, AZ",040139997,04013108902,-112.1034512,33.49780207,040131090032,1676,1613,989,654,745,1303,0.777446301,1315,0.815251085,278,0.281092012,132,0.201834862,202,0.12052506,101,0.06026253
"Phoenix, AZ",040139997,04013108902,-112.0780235,33.50610138,040131088021,1627,1627,1307,782,938,737,0.452980947,647,0.397664413,211,0.161438409,48,0.061381074,91,0.055931162,118,0.072526122
"Phoenix, AZ",040139997,04013108902,-112.1023723,33.50773019,040131090021,1477,1477,729,487,632,1194,0.808395396,926,0.626946513,247,0.338820302,91,0.186858316,226,0.153012864,103,0.069735951
"Phoenix, AZ",040139997,04013108902,-112.110566,33.5000149,040131090033,1294,1294,676,384,480,1208,0.933539413,1044,0.806800618,303,0.448224852,132,0.34375,161,0.124420402,18,0.013910355
"Phoenix, AZ",040139997,04013108902,-112.0949642,33.49115881,040131104004,1266,1266,927,469,469,554,0.437598736,664,0.524486572,56,0.060409924,0,0,83,0.065560821,146,0.115323855
"Phoenix, AZ",040139997,04013108902,-112.1032572,33.51334749,040131073002,1231,1231,896,469,533,801,0.650690496,622,0.50528026,158,0.176339286,0,0,87,0.070674249,198,0.160844842
"Phoenix, AZ",040139997,04013108902,-112.0947714,33.50760782,040131089021,1193,1193,946,581,661,796,0.667225482,797,0.668063705,213,0.225158562,0,0,83,0.069572506,155,0.12992456
"Phoenix, AZ",040139997,04013108902,-112.0948073,33.51152184,040131074004,1191,1173,666,439,469,821,0.689336692,904,0.770673487,187,0.280780781,31,0.070615034,80,0.067170445,42,0.035264484
"Phoenix, AZ",040139997,04013108902,-112.0862749,33.50707343,040131089023,1132,1101,649,394,448,837,0.739399293,828,0.752043597,132,0.203389831,0,0,22,0.019434629,13,0.011484099
"Phoenix, AZ",040139997,04013108902,-112.0877566,33.51336856,040131074002,975,975,651,367,407,408,0.418461538,276,0.283076923,17,0.026113671,19,0.051771117,168,0.172307692,127,0.13025641
"Phoenix, AZ",040139997,04013108902,-112.0869178,33.49628148,040131089011,957,957,649,406,465,600,0.626959248,668,0.698014629,161,0.24807396,0,0,37,0.038662487,68,0.071055381
"Phoenix, AZ",040139997,04013108902,-112.0877859,33.50342075,040131089024,931,931,518,303,383,528,0.567132116,495,0.531686359,42,0.081081081,8,0.02640264,43,0.046186896,37,0.039742213
"Phoenix, AZ",040139997,04013108902,-112.0955165,33.49775398,040131089013,920,920,661,363,432,551,0.598913043,437,0.475,91,0.137670197,25,0.068870523,58,0.063043478,105,0.114130435
"Phoenix, AZ",040139997,04013108902,-112.1105309,33.49748286,040131090034,866,866,337,227,312,791,0.913394919,800,0.923787529,162,0.480712166,82,0.36123348,107,0.123556582,44,0.050808314
"Phoenix, AZ",040139997,04013108902,-112.102925,33.50453727,040131090023,803,803,538,309,360,500,0.622665006,540,0.672478207,95,0.176579926,24,0.077669903,0,0,78,0.097135741
"Phoenix, AZ",040139997,04013108902,-112.0857182,33.50054368,040131089012,792,792,516,390,516,533,0.672979798,367,0.463383838,113,0.218992248,86,0.220512821,48,0.060606061,44,0.055555556
"Phoenix, AZ",040139997,04013108902,-112.0801589,33.49877889,040131171002,589,589,502,376,470,255,0.432937182,84,0.142614601,7,0.013944223,0,0,0,0,30,0.050933786
"Phoenix, AZ",040139997,04013108902,-112.0845936,33.51130002,040131074005,552,552,457,408,448,262,0.474637681,151,0.273550725,17,0.037199125,13,0.031862745,0,0,59,0.106884058
"Los Angeles, CA",060371103,06037206010,-118.2300413,34.05860369,060372060201,8116,528,6323,269,293,6576,0.810251355,108,0.204545455,2523,0.399019453,9,0.033457249,5,0.000616067,68,0.008378512
"Los Angeles, CA",060371103,06037206010,-118.2408173,34.06067567,060372071021,2573,2573,2031,1124,1201,2432,0.945200155,1746,0.678585309,968,0.476612506,549,0.488434164,90,0.034978624,761,0.2957637
"Los Angeles, CA",060371103,06037206010,-118.2173808,34.07741074,060371990003,2291,2291,1488,580,652,2131,0.930161502,1341,0.585333915,773,0.519489247,184,0.317241379,231,0.100829332,198,0.086425142
"Los Angeles, CA",060371103,06037206010,-118.2324513,34.07320919,060372060101,2207,2207,1622,669,691,1927,0.873130947,1067,0.483461713,715,0.44081381,160,0.23916293,25,0.011327594,245,0.111010421
"Los Angeles, CA",060371103,06037206010,-118.2135871,34.06499421,060371999001,1731,1731,973,500,543,1698,0.980935875,1209,0.698440208,591,0.607399794,181,0.362,151,0.087232813,160,0.09243212
"Los Angeles, CA",060371103,06037206010,-118.2183813,34.07067304,060371997002,1601,1601,982,505,552,1535,0.958775765,1184,0.739537789,473,0.481670061,163,0.322772277,118,0.073703935,265,0.165521549
"Los Angeles, CA",060371103,06037206010,-118.2404383,34.06471177,060372071032,1601,1601,1240,622,639,1529,0.955028107,1238,0.773266708,738,0.59516129,412,0.662379421,121,0.075577764,421,0.26296065
"Los Angeles, CA",060371103,06037206010,-118.2192933,34.06730246,060371997001,1584,1584,1159,601,641,1176,0.742424242,715,0.451388889,286,0.246764452,83,0.138103161,100,0.063131313,146,0.092171717
"Los Angeles, CA",060371103,06037206010,-118.24399,34.06788044,060371977003,1582,1582,1066,651,670,1285,0.812262958,616,0.389380531,274,0.257035647,190,0.291858679,43,0.027180784,192,0.12136536
"Los Angeles, CA",060371103,06037206010,-118.213986,34.06967452,060371998004,1537,1537,982,438,438,1520,0.988939493,1302,0.84710475,421,0.428716904,145,0.331050228,126,0.081977879,231,0.150292778
"Los Angeles, CA",060371103,06037206010,-118.2297676,34.06375491,060372060102,1379,1379,897,452,452,1379,1,1114,0.807831762,534,0.595317726,150,0.331858407,128,0.092820885,272,0.19724438
"Los Angeles, CA",060371103,06037206010,-118.2112673,34.07206374,060371998003,1063,1063,706,354,354,1063,1,794,0.746942615,435,0.616147309,168,0.474576271,45,0.04233302,109,0.102539981
"Los Angeles, CA",060371103,06037206010,-118.2431029,34.0646781,060372071031,734,734,565,265,278,681,0.927792916,515,0.701634877,173,0.30619469,133,0.501886792,24,0.032697548,90,0.122615804
"Los Angeles, CA",060371103,06037206010,-118.2357759,34.07542474,060379800101,133,133,104,55,55,92,0.691729323,105,0.789473684,37,0.355769231,25,0.454545455,4,0.030075188,45,0.338345865
"Rubidoux, CA",060658001,06065040301,-117.4091833,33.98981859,060650402011,4705,4694,2759,1153,1204,3944,0.838257173,1740,0.370685982,1062,0.384922073,175,0.151777971,349,0.074176408,308,0.065462274
"Rubidoux, CA",060658001,06065040301,-117.4124955,34.00282967,060650403011,2642,2534,1391,757,805,2473,0.936033308,1221,0.481846882,708,0.508986341,117,0.154557464,350,0.132475397,320,0.121120363
"Rubidoux, CA",060658001,06065040301,-117.4278758,34.00435315,060650403012,2522,2436,1692,577,620,1894,0.750991277,1241,0.509441708,432,0.255319149,90,0.155979203,119,0.047184774,383,0.1518636
"Rubidoux, CA",060658001,06065040301,-117.4002445,33.99659244,060650402042,2311,2306,1215,461,483,2239,0.968844656,1338,0.580225499,553,0.455144033,48,0.104121475,241,0.10428386,92,0.039809606
"Rubidoux, CA",060658001,06065040301,-117.4035427,33.99278467,060650402032,2266,2252,1146,488,501,2125,0.937775816,1369,0.607904085,457,0.39877836,127,0.260245902,260,0.114739629,62,0.027360989
"Rubidoux, CA",060658001,06065040301,-117.4104721,33.99517465,060650402031,1817,1817,1041,424,438,1670,0.919097413,968,0.532746285,577,0.554274736,75,0.176886792,141,0.07760044,109,0.059988993
"Rubidoux, CA",060658001,06065040301,-117.4199935,33.99826946,060650403013,1643,1643,757,350,350,1600,0.973828363,1252,0.762020694,438,0.578599736,41,0.117142857,274,0.166768107,94,0.057212416
"Rubidoux, CA",060658001,06065040301,-117.4037176,34.00141536,060650402041,1561,1491,765,339,430,1471,0.942344651,1038,0.696177062,303,0.396078431,44,0.12979351,98,0.062780269,59,0.037796284
"Rubidoux, CA",060658001,06065040301,-117.4301256,33.99225252,060650403014,1299,1299,677,357,357,1077,0.829099307,465,0.357967667,272,0.401772526,15,0.042016807,48,0.036951501,47,0.036181678
"Rubidoux, CA",060658001,06065040301,-117.4125834,34.00777582,060650401013,1100,1100,573,214,214,1016,0.923636364,493,0.448181818,273,0.476439791,77,0.359813084,81,0.073636364,36,0.032727273
"San Jose, CA",060850005,06085501101,-121.8938435,37.35498106,060855001004,2783,2783,2153,982,1089,2241,0.805246137,777,0.279195113,309,0.143520669,111,0.113034623,174,0.062522458,364,0.130794107
"San Jose, CA",060850005,06085501101,-121.8825137,37.35932465,060855001003,2621,2502,1441,571,571,2516,0.959938955,769,0.307354117,512,0.355308813,64,0.112084063,255,0.09729111,124,0.047310187
"San Jose, CA",060850005,06085501101,-121.8939695,37.34612065,060855011011,2505,2483,2070,1085,1115,1851,0.738922156,730,0.293999195,283,0.136714976,224,0.206451613,69,0.02754491,317,0.126546906
"San Jose, CA",060850005,06085501101,-121.897788,37.34224181,060855002004,2311,2311,1519,898,972,1573,0.680657724,892,0.385980095,122,0.080315997,22,0.024498886,42,0.018173951,132,0.057118131
"San Jose, CA",060850005,06085501101,-121.8901757,37.34891613,060855011012,2037,2016,1491,830,865,1506,0.739322533,780,0.386904762,261,0.175050302,176,0.212048193,175,0.085910653,118,0.057928326
"San Jose, CA",060850005,06085501101,-121.8881043,37.36035684,060855001002,1945,1945,1328,622,628,1799,0.924935733,443,0.227763496,235,0.176957831,80,0.128617363,196,0.100771208,197,0.101285347
"San Jose, CA",060850005,06085501101,-121.8863218,37.35245864,060855011022,1933,1933,1117,509,547,1670,0.863942059,900,0.465597517,386,0.345568487,130,0.25540275,140,0.07242628,136,0.070356958
"San Jose, CA",060850005,06085501101,-121.8923362,37.33537808,060855008001,1706,1706,1533,1002,1213,965,0.565650645,444,0.260257913,102,0.066536204,125,0.124750499,0,0,252,0.147713951
"San Jose, CA",060850005,06085501101,-121.8806038,37.35165895,060855011023,1579,1579,1040,428,447,1184,0.749841672,165,0.104496517,250,0.240384615,71,0.16588785,147,0.093096897,187,0.118429386
"San Jose, CA",060850005,06085501101,-121.8982657,37.34738301,060855002003,1574,1574,1172,658,716,1324,0.841168996,440,0.279542567,361,0.308020478,81,0.123100304,65,0.041296061,147,0.09339263
"San Jose, CA",060850005,06085501101,-121.9023837,37.3545092,060855002001,1528,1478,1046,530,549,983,0.643324607,245,0.165764547,66,0.063097514,25,0.047169811,367,0.240183246,62,0.040575916
"San Jose, CA",060850005,06085501101,-121.8757567,37.34865788,060855012002,1449,1440,948,358,411,1025,0.707384403,625,0.434027778,247,0.260548523,33,0.092178771,131,0.090407177,119,0.082125604
"San Jose, CA",060850005,06085501101,-121.8866004,37.34431426,060855010001,1376,1376,694,432,491,1117,0.811773256,812,0.590116279,109,0.157060519,45,0.104166667,92,0.066860465,22,0.015988372
"San Jose, CA",060850005,06085501101,-121.8795026,37.35607675,060855011021,1327,1327,922,415,440,899,0.677467973,353,0.266013564,200,0.21691974,27,0.065060241,70,0.052750565,259,0.195177091
"San Jose, CA",060850005,06085501101,-121.8821364,37.34655033,060855012004,1096,1041,734,339,426,926,0.844890511,318,0.305475504,132,0.179836512,11,0.032448378,20,0.018248175,61,0.055656934
"San Jose, CA",060850005,06085501101,-121.8784214,37.34840896,060855012001,952,946,696,242,268,848,0.890756303,244,0.257928118,193,0.277298851,44,0.181818182,27,0.028361345,97,0.101890756
"San Jose, CA",060850005,06085501101,-121.8803049,37.34327626,060855012003,946,894,733,370,403,751,0.793868922,461,0.515659955,250,0.34106412,133,0.359459459,41,0.043340381,199,0.210359408
"San Jose, CA",060850005,06085501101,-121.8880582,37.3406517,060855010004,910,910,565,447,447,653,0.717582418,469,0.515384615,271,0.479646018,70,0.156599553,83,0.091208791,110,0.120879121
"San Jose, CA",060850005,06085501101,-121.8835078,37.33831195,060855009011,901,901,552,402,445,661,0.733629301,737,0.817980022,29,0.052536232,101,0.251243781,36,0.039955605,199,0.220865705
"San Jose, CA",060850005,06085501101,-121.884359,37.34135332,060855010005,897,897,426,322,322,689,0.768115942,359,0.400222965,33,0.077464789,72,0.223602484,43,0.04793757,0,0
"San Jose, CA",060850005,06085501101,-121.8904762,37.33980788,060855010003,851,851,815,460,550,685,0.80493537,399,0.468860165,197,0.241717791,155,0.336956522,0,0,300,0.352526439
"San Jose, CA",060850005,06085501101,-121.9072722,37.3509395,060855002002,849,0,678,0,0,714,0.840989399,0,0,233,0.343657817,0,0,0,0,10,0.011778563
"San Jose, CA",060850005,06085501101,-121.8979219,37.35836066,060855001001,638,638,460,250,250,442,0.692789969,135,0.211598746,47,0.102173913,0,0,28,0.043887147,35,0.054858934
"San Jose, CA",060850005,06085501101,-121.9091116,37.34058179,060855003001,630,630,505,151,159,528,0.838095238,388,0.615873016,53,0.104950495,8,0.052980132,63,0.1,9,0.014285714
"San Jose, CA",060850005,06085501101,-121.8913781,37.34292883,060855010002,554,538,425,368,368,330,0.59566787,236,0.43866171,0,0,31,0.08423913,0,0,68,0.122743682
"Grand Junction, CO",080770018,08077000800,-108.5472577,39.06929024,080770007003,1404,1404,886,684,723,471,0.335470085,516,0.367521368,105,0.118510158,33,0.048245614,194,0.138176638,61,0.043447293
"Grand Junction, CO",080770018,08077000800,-108.5673919,39.07404127,080770003002,1109,1089,782,564,564,349,0.314697926,597,0.548209366,103,0.131713555,24,0.042553191,86,0.07754734,120,0.108205591
"Grand Junction, CO",080770018,08077000800,-108.5563251,39.07370016,080770002001,1086,1044,660,547,585,245,0.225598527,431,0.412835249,39,0.059090909,0,0,21,0.019337017,103,0.094843462
"Grand Junction, CO",080770018,08077000800,-108.5562675,39.06772593,080770002002,1020,1020,551,503,551,337,0.330392157,534,0.523529412,59,0.10707804,7,0.013916501,116,0.11372549,112,0.109803922
"Grand Junction, CO",080770018,08077000800,-108.5634338,39.07207639,080770003001,394,394,295,230,269,78,0.197969543,148,0.375634518,24,0.081355932,0,0,19,0.04822335,47,0.11928934
"Washington, DC",110010043,11001003400,-77.02449943,38.92014581,110010035002,3613,1012,963,499,532,3111,0.861057293,420,0.415019763,153,0.158878505,25,0.0501002,10,0.002767783,120,0.033213396
"Washington, DC",110010043,11001003400,-77.01739511,38.92036792,110010034002,3331,1721,1314,572,875,2476,0.743320324,358,0.208018594,60,0.0456621,32,0.055944056,113,0.033923747,128,0.038426899
"Washington, DC",110010043,11001003400,-77.02867937,38.91851348,110010044001,3305,3305,3078,1869,1907,1006,0.304387292,306,0.092586989,132,0.04288499,27,0.014446228,147,0.044478064,315,0.095310136
"Washington, DC",110010043,11001003400,-77.0257051,38.9302065,110010031001,3282,3282,2709,1235,1339,2337,0.712065814,611,0.186166971,451,0.166482097,194,0.15708502,54,0.016453382,339,0.103290676
"Washington, DC",110010043,11001003400,-77.01975053,38.91199208,110010048011,2725,2716,2203,1135,1281,1597,0.586055046,582,0.214285714,211,0.095778484,9,0.007929515,68,0.024954128,281,0.103119266
"Washington, DC",110010043,11001003400,-76.99816377,38.92894151,110010092011,2718,2395,1691,930,1120,1576,0.579838116,866,0.361586639,81,0.047900651,26,0.027956989,182,0.066961001,173,0.063649742
"Washington, DC",110010043,11001003400,-77.02703086,38.91534301,110010044002,2080,2073,1729,915,996,768,0.369230769,205,0.098890497,46,0.026604974,13,0.01420765,85,0.040865385,110,0.052884615
"Washington, DC",110010043,11001003400,-77.02490978,38.92549759,110010035001,1926,1926,1462,662,682,1404,0.728971963,673,0.349428868,274,0.187414501,74,0.111782477,160,0.083073728,231,0.119937695
"Washington, DC",110010043,11001003400,-77.02847935,38.92425649,110010036003,1816,1816,1584,722,722,775,0.426762115,322,0.177312775,13,0.008207071,18,0.024930748,16,0.008810573,46,0.025330396
"Washington, DC",110010043,11001003400,-76.99756555,38.92347082,110010092042,1812,1812,1104,878,917,1802,0.994481236,1045,0.576710817,285,0.258152174,55,0.062642369,191,0.105408389,359,0.19812362
"Washington, DC",110010043,11001003400,-77.02138396,38.931517,110010032003,1712,1705,1330,553,731,1316,0.768691589,331,0.194134897,453,0.340601504,39,0.070524412,86,0.050233645,322,0.188084112
"Washington, DC",110010043,11001003400,-77.00888408,38.93353966,110010023021,1708,1460,1386,769,874,1023,0.598946136,454,0.310958904,112,0.080808081,8,0.010403121,47,0.027517564,586,0.343091335
"Washington, DC",110010043,11001003400,-77.01455995,38.91062832,110010046002,1643,1643,1390,745,815,854,0.519780889,332,0.202069385,66,0.047482014,0,0,75,0.045648205,195,0.118685332
"Washington, DC",110010043,11001003400,-77.01059536,38.92010256,110010033011,1627,1627,1288,478,516,887,0.545175169,337,0.207129687,120,0.093167702,0,0,104,0.063921328,108,0.06637984
"Washington, DC",110010043,11001003400,-77.02999995,38.92771279,110010030002,1601,1601,1166,665,752,1146,0.715802623,594,0.371018114,111,0.095197256,33,0.04962406,107,0.066833229,141,0.088069956
"Washington, DC",110010043,11001003400,-77.01596429,38.91764602,110010034001,1570,1125,896,512,557,1138,0.724840764,603,0.536,83,0.092633929,23,0.044921875,65,0.041401274,185,0.117834395
"Washington, DC",110010043,11001003400,-77.03085833,38.9220325,110010036001,1563,1563,1366,753,868,1064,0.680742163,122,0.078055022,91,0.066617862,10,0.013280212,156,0.099808061,0,0
"Washington, DC",110010043,11001003400,-77.03098816,38.92512744,110010036002,1454,1442,1174,645,740,865,0.594910591,736,0.510402219,273,0.23253833,0,0,29,0.019944979,226,0.155433287
"Washington, DC",110010043,11001003400,-77.00340384,38.92066762,110010092032,1423,1423,1298,725,838,1129,0.793394238,307,0.215741391,168,0.129429892,48,0.066206897,25,0.017568517,293,0.205903022
"Washington, DC",110010043,11001003400,-77.02082183,38.92905129,110010032004,1396,1391,999,420,504,1082,0.775071633,609,0.437814522,89,0.089089089,54,0.128571429,30,0.021489971,131,0.093839542
"Washington, DC",110010043,11001003400,-77.00222802,38.91415387,110010087022,1394,1394,1181,774,839,914,0.655667145,211,0.151362984,83,0.070279424,11,0.014211886,89,0.06384505,79,0.056671449
"Washington, DC",110010043,11001003400,-77.00724927,38.92386695,110010092031,1385,1369,878,434,455,1243,0.897472924,419,0.30606282,213,0.242596811,8,0.01843318,94,0.067870036,100,0.072202166
"Washington, DC",110010043,11001003400,-77.00158667,38.9173562,110010087021,1357,1357,989,506,608,1125,0.829034635,651,0.479734709,149,0.15065723,22,0.043478261,104,0.076639646,89,0.065585851
"Washington, DC",110010043,11001003400,-77.01187339,38.91692152,110010033012,1319,1319,1053,522,561,703,0.53297953,125,0.094768764,21,0.01994302,0,0,57,0.043214556,61,0.046247157
"Washington, DC",110010043,11001003400,-77.02377947,38.91319513,110010049011,1282,1282,943,504,521,875,0.682527301,398,0.310452418,72,0.076352068,21,0.041666667,71,0.055382215,99,0.077223089
"Washington, DC",110010043,11001003400,-77.00694324,38.9128703,110010087011,1278,1269,1050,437,469,765,0.598591549,177,0.139479905,76,0.072380952,0,0,24,0.018779343,69,0.05399061
"Washington, DC",110010043,11001003400,-77.01078339,38.90910984,110010046001,1220,1220,938,574,616,817,0.669672131,385,0.31557377,91,0.097014925,17,0.029616725,38,0.031147541,116,0.095081967
"Washington, DC",110010043,11001003400,-77.01139286,38.9148416,110010033021,1137,1137,916,469,543,580,0.510114336,202,0.17766051,36,0.03930131,0,0,93,0.081794195,113,0.099384345
"Washington, DC",110010043,11001003400,-77.01351231,38.91923155,110010033013,1120,1120,1006,562,624,776,0.692857143,115,0.102678571,29,0.028827038,7,0.012455516,16,0.014285714,179,0.159821429
"Washington, DC",110010043,11001003400,-77.01083887,38.91280736,110010033022,1119,1119,880,438,482,591,0.528150134,244,0.218051832,20,0.022727273,0,0,28,0.025022341,50,0.044682752
"Washington, DC",110010043,11001003400,-76.99993423,38.9245768,110010092041,1106,1106,936,463,515,807,0.72965642,177,0.160036166,186,0.198717949,0,0,72,0.065099458,104,0.09403255
"Washington, DC",110010043,11001003400,-77.00578819,38.91681677,110010087012,1090,1090,974,439,538,814,0.746788991,119,0.109174312,165,0.169404517,0,0,7,0.006422018,160,0.146788991
"Washington, DC",110010043,11001003400,-77.0213299,38.93373183,110010032002,788,788,596,313,384,657,0.833756345,168,0.21319797,68,0.11409396,9,0.028753994,33,0.041878173,74,0.093908629
"Tampa, FL",120573002,12057012209,-82.23433747,27.95709903,120570122092,3468,3468,2231,1143,1222,1724,0.497116494,693,0.19982699,70,0.031376065,113,0.098862642,150,0.043252595,452,0.130334487
"Pinellas County, FL",121030026,12103024906,-82.70655651,27.85376364,121030249052,3129,3118,2120,1057,1126,1206,0.385426654,1474,0.472738935,239,0.112735849,53,0.050141911,220,0.070310003,290,0.092681368
"Pinellas County, FL",121030026,12103024906,-82.70631516,27.86089061,121030249051,2715,2705,1827,1085,1098,598,0.220257827,1261,0.466173752,259,0.141762452,88,0.081105991,171,0.062983425,630,0.232044199
"Pinellas County, FL",121030026,12103024906,-82.70745972,27.84819283,121030249061,2167,2167,1443,891,1028,524,0.241808952,897,0.413936317,266,0.184338184,9,0.01010101,150,0.06922012,335,0.154591601
"Pinellas County, FL",121030026,12103024906,-82.72156297,27.85711881,121030249041,2111,2111,1537,831,1027,410,0.194220748,449,0.212695405,106,0.068965517,22,0.026474128,50,0.023685457,272,0.128848887
"Pinellas County, FL",121030026,12103024906,-82.72392442,27.84358683,121030249042,1331,1331,1039,591,645,525,0.39444027,557,0.418482344,153,0.147256978,36,0.060913706,78,0.058602554,225,0.16904583
"Pinellas County, FL",121030026,12103024906,-82.71435941,27.85663966,121030249053,1064,1064,695,378,412,284,0.266917293,131,0.123120301,0,0,0,0,19,0.017857143,124,0.116541353
"Pinellas County, FL",121030026,12103024906,-82.70962895,27.84464828,121030249062,977,977,721,421,500,371,0.379733879,487,0.498464688,33,0.045769764,13,0.03087886,25,0.025588536,230,0.235414534
"Pinellas County, FL",121030026,12103024906,-82.70920149,27.84072878,121030249063,744,739,559,276,301,211,0.283602151,320,0.433017591,58,0.103756708,12,0.043478261,50,0.067204301,125,0.168010753
"Atlanta, GA",130890002,13089023423,-84.29189327,33.6784484,130890234242,2217,2155,1390,682,682,2051,0.925124041,973,0.451508121,66,0.047482014,0,0,183,0.082543978,126,0.056833559
"Atlanta, GA",130890002,13089023423,-84.29567328,33.69091107,130890234232,1890,1766,1277,546,558,1849,0.978306878,410,0.23216308,112,0.08770556,0,0,130,0.068783069,305,0.161375661
"Chicago, IL",170314201,17031801500,-87.81333041,42.13025025,170318015002,2179,2179,1444,732,765,127,0.058283616,73,0.033501606,42,0.029085873,26,0.035519126,182,0.083524553,267,0.122533272
"Chicago, IL",170314201,17031801500,-87.81449081,42.14935013,170318015001,2058,1661,1876,804,925,268,0.130223518,238,0.143287176,168,0.089552239,0,0,51,0.024781341,1034,0.502429543
"Chicago, IL",170314201,17031801500,-87.79304499,42.13154021,170318018004,1473,1473,1065,636,636,258,0.175152749,216,0.146639511,15,0.014084507,26,0.040880503,76,0.051595384,245,0.166327223
"Grayson Lake, KY",210430500,21043960700,,,,,,,,,,,,,,,,,,,,
"Roxbury, MA",250250042,25025080401,-71.09211471,42.33777501,250250104051,3056,165,230,0,6,976,0.319371728,151,0.915151515,40,0.173913043,0,0,0,0,35,0.01145288
"Roxbury, MA",250250042,25025080401,-71.0862529,42.33690313,250250806011,2977,678,450,278,304,1437,0.482700705,435,0.64159292,73,0.162222222,24,0.086330935,10,0.003359086,5,0.001679543
"Roxbury, MA",250250042,25025080401,-71.09548729,42.33570953,250250808011,2653,983,538,329,348,1385,0.522050509,655,0.666327569,175,0.32527881,57,0.17325228,58,0.021862043,62,0.02336977
"Roxbury, MA",250250042,25025080401,-71.07889922,42.32735003,250250803001,2342,2330,1478,877,956,2289,0.977369769,1196,0.513304721,217,0.146820027,52,0.059293044,235,0.100341588,108,0.046114432
"Roxbury, MA",250250042,25025080401,-71.09674033,42.32060568,250250813002,2179,2162,1262,758,771,1997,0.916475447,1426,0.659574468,407,0.322503962,133,0.175461741,33,0.015144562,310,0.142267095
"Roxbury, MA",250250042,25025080401,-71.06906563,42.33014901,250250801001,2142,1253,1567,505,534,1743,0.81372549,572,0.456504389,476,0.303765156,162,0.320792079,53,0.024743231,169,0.078898226
"Roxbury, MA",250250042,25025080401,-71.0810347,42.3363468,250250805002,2095,2095,1221,858,913,2022,0.965155131,1408,0.672076372,360,0.294840295,174,0.202797203,232,0.110739857,125,0.059665871
"Roxbury, MA",250250042,25025080401,-71.1014725,42.32465926,250250812001,2050,2050,1021,742,784,1940,0.946341463,1701,0.829756098,411,0.402546523,173,0.233153639,197,0.096097561,182,0.088780488
"Roxbury, MA",250250042,25025080401,-71.07728443,42.33860474,250250709001,2040,2040,1527,1063,1271,850,0.416666667,776,0.380392157,109,0.071381794,88,0.082784572,94,0.046078431,81,0.039705882
"Roxbury, MA",250250042,25025080401,-71.08822171,42.34305788,250250104041,1915,1792,731,846,890,795,0.415143603,1306,0.728794643,8,0.010943912,85,0.100472813,31,0.01618799,57,0.029765013
"Roxbury, MA",250250042,25025080401,-71.07184896,42.33768709,250250711011,1866,1805,1577,1006,1048,899,0.481779207,590,0.326869806,218,0.138237159,235,0.23359841,111,0.059485531,338,0.18113612
"Roxbury, MA",250250042,25025080401,-71.09779146,42.33426937,250250808012,1840,1840,1093,639,657,1750,0.951086957,1133,0.61576087,294,0.268984446,113,0.176838811,50,0.027173913,151,0.082065217
"Roxbury, MA",250250042,25025080401,-71.08949734,42.34065395,250250104042,1676,276,198,124,145,686,0.409307876,189,0.684782609,29,0.146464646,38,0.306451613,0,0,0,0
"Roxbury, MA",250250042,25025080401,-71.08419188,42.33272235,250250804012,1615,1615,1032,751,852,1493,0.924458204,894,0.553560372,215,0.208333333,91,0.121171771,217,0.134365325,300,0.185758514
"Roxbury, MA",250250042,25025080401,-71.07436887,42.33615067,250250711012,1582,1582,1394,577,594,766,0.484197219,641,0.405183312,90,0.06456241,0,0,80,0.0505689,63,0.039823009
"Roxbury, MA",250250042,25025080401,-71.09342976,42.31840307,250250815002,1552,1517,968,569,624,1455,0.9375,818,0.539222149,174,0.179752066,105,0.184534271,118,0.076030928,158,0.101804124
"Roxbury, MA",250250042,25025080401,-71.07526581,42.34017907,250250705004,1546,1546,1083,623,680,1063,0.687580854,967,0.625485123,272,0.251154201,68,0.109149278,111,0.071798189,101,0.065329884
"Roxbury, MA",250250042,25025080401,-71.07022476,42.33957626,250250712012,1546,1546,893,608,640,1387,0.897153946,1073,0.694049159,382,0.427771557,225,0.370065789,215,0.139068564,199,0.128719276
"Roxbury, MA",250250042,25025080401,-71.08939578,42.34176512,250250104043,1543,531,247,315,412,597,0.38690862,381,0.717514124,0,0,94,0.298412698,18,0.011665587,63,0.040829553
"Roxbury, MA",250250042,25025080401,-71.10004363,42.33101516,250250809002,1507,1490,604,396,396,413,0.274054413,813,0.545637584,58,0.09602649,0,0,29,0.01924353,102,0.067684141
"Roxbury, MA",250250042,25025080401,-71.07949263,42.34097165,250250708001,1487,1487,1340,942,1022,694,0.4667115,387,0.260255548,65,0.048507463,62,0.06581741,53,0.035642233,204,0.137188971
"Roxbury, MA",250250042,25025080401,-71.0789709,42.33243671,250250804011,1476,1455,1065,565,565,1355,0.91802168,678,0.465979381,218,0.204694836,49,0.086725664,93,0.06300813,120,0.081300813
"Roxbury, MA",250250042,25025080401,-71.07900781,42.32062539,250250818002,1439,1439,879,585,608,1362,0.946490618,656,0.455872133,244,0.277588168,61,0.104273504,61,0.042390549,82,0.056984017
"Roxbury, MA",250250042,25025080401,-71.09582494,42.32712677,250250814003,1406,1406,764,576,576,918,0.652916074,704,0.500711238,93,0.121727749,43,0.074652778,66,0.046941679,132,0.093883357
"Roxbury, MA",250250042,25025080401,-71.09772347,42.33767347,250250103001,1394,253,180,147,147,396,0.284074605,217,0.85770751,13,0.072222222,44,0.299319728,0,0,32,0.022955524
"Roxbury, MA",250250042,25025080401,-71.07693166,42.34248788,250250706002,1379,1379,1074,625,625,224,0.162436548,20,0.014503263,18,0.016759777,19,0.0304,57,0.0413343,136,0.09862219
"Roxbury, MA",250250042,25025080401,-71.06898824,42.32017721,250250913002,1332,1332,850,374,404,1258,0.944444444,935,0.701951952,220,0.258823529,59,0.157754011,48,0.036036036,94,0.070570571
"Roxbury, MA",250250042,25025080401,-71.07050857,42.32312067,250250906002,1329,1329,858,402,430,1244,0.936042137,734,0.552294959,303,0.353146853,80,0.199004975,105,0.079006772,135,0.101580135
"Roxbury, MA",250250042,25025080401,-71.10134069,42.33425139,250250809001,1245,1245,1012,706,754,652,0.523694779,479,0.384738956,31,0.030632411,106,0.150141643,19,0.015261044,182,0.146184739
"Roxbury, MA",250250042,25025080401,-71.0859335,42.32582454,250250817005,1135,1135,633,356,394,1008,0.888105727,604,0.53215859,60,0.09478673,23,0.064606742,128,0.11277533,73,0.064317181
"Roxbury, MA",250250042,25025080401,-71.0823313,42.34303705,250250105003,1120,1120,823,628,661,466,0.416071429,298,0.266071429,94,0.114216282,132,0.210191083,142,0.126785714,96,0.085714286
"Roxbury, MA",250250042,25025080401,-71.07503584,42.32217067,250250906001,1113,1091,704,353,412,1004,0.902066487,605,0.554537122,174,0.247159091,52,0.147308782,53,0.047619048,61,0.054806828
"Roxbury, MA",250250042,25025080401,-71.08060999,42.32317193,250250818001,1050,1050,703,331,420,987,0.94,722,0.687619048,164,0.233285917,117,0.35347432,74,0.07047619,108,0.102857143
"Roxbury, MA",250250042,25025080401,-71.08004356,42.3172186,250250818003,1046,1046,573,474,474,1041,0.995219885,956,0.913957935,178,0.310645724,53,0.111814346,39,0.037284895,79,0.075525813
"Roxbury, MA",250250042,25025080401,-71.08242011,42.33976347,250250708002,1036,1036,626,553,553,320,0.308880309,429,0.414092664,40,0.063897764,0,0,56,0.054054054,56,0.054054054
"Roxbury, MA",250250042,25025080401,-71.0842101,42.33556115,250250805001,1028,1028,592,487,517,727,0.707198444,603,0.586575875,121,0.204391892,119,0.244353183,39,0.037937743,94,0.091439689
"Roxbury, MA",250250042,25025080401,-71.08812522,42.33371318,250250806012,966,966,472,359,371,966,1,804,0.832298137,180,0.381355932,93,0.259052925,156,0.161490683,103,0.106625259
"Roxbury, MA",250250042,25025080401,-71.08120292,42.34221036,250250708003,929,929,756,569,593,206,0.221743811,251,0.270182992,0,0,0,0,28,0.030139935,61,0.065662002
"Roxbury, MA",250250042,25025080401,-71.08762728,42.31777381,250250819001,928,928,739,385,429,918,0.989224138,435,0.46875,134,0.181326116,31,0.080519481,13,0.014008621,108,0.11637931
"Roxbury, MA",250250042,25025080401,-71.07953449,42.33766936,250250709002,926,921,652,476,509,655,0.707343413,521,0.565689468,213,0.326687117,125,0.262605042,61,0.06587473,177,0.191144708
"Roxbury, MA",250250042,25025080401,-71.09234882,42.32346756,250250815001,901,901,574,342,373,777,0.862375139,575,0.6381798,50,0.087108014,17,0.049707602,19,0.02108768,59,0.065482797
"Roxbury, MA",250250042,25025080401,-71.07447226,42.32011028,250250904004,825,825,513,277,312,825,1,194,0.235151515,178,0.346978558,0,0,28,0.033939394,32,0.038787879
"Roxbury, MA",250250042,25025080401,-71.0904996,42.32750737,250250814001,821,821,675,471,588,680,0.828258222,355,0.432399513,114,0.168888889,69,0.146496815,15,0.018270402,174,0.211936663
"Roxbury, MA",250250042,25025080401,-71.08370356,42.32056789,250250817002,815,815,651,435,506,785,0.963190184,428,0.525153374,190,0.291858679,91,0.209195402,26,0.03190184,229,0.280981595
"Roxbury, MA",250250042,25025080401,-71.07312427,42.31865262,250250904003,760,760,356,201,220,723,0.951315789,415,0.546052632,81,0.22752809,9,0.044776119,47,0.061842105,31,0.040789474
"Roxbury, MA",250250042,25025080401,-71.07538187,42.33461264,250250711013,738,716,660,505,551,449,0.608401084,427,0.596368715,119,0.18030303,116,0.22970297,42,0.056910569,95,0.128726287
"Roxbury, MA",250250042,25025080401,-71.08705978,42.32317542,250250817004,732,732,428,343,343,711,0.971311475,485,0.662568306,148,0.345794393,99,0.288629738,45,0.06147541,92,0.12568306
"Roxbury, MA",250250042,25025080401,-71.08492379,42.34195619,250250104053,725,559,482,358,393,498,0.686896552,403,0.720930233,159,0.329875519,223,0.622905028,0,0,291,0.40137931
"Roxbury, MA",250250042,25025080401,-71.08843234,42.31977353,250250817003,719,719,432,252,308,692,0.962447844,393,0.54659249,78,0.180555556,0,0,78,0.108484006,63,0.087621697
"Roxbury, MA",250250042,25025080401,-71.09305674,42.32912866,250250814002,693,693,353,279,343,396,0.571428571,348,0.502164502,66,0.186968839,0,0,24,0.034632035,39,0.056277056
"Roxbury, MA",250250042,25025080401,-71.07681804,42.32519151,250250801002,582,577,324,219,276,570,0.979381443,363,0.629116118,66,0.203703704,10,0.0456621,49,0.08419244,35,0.060137457
"Roxbury, MA",250250042,25025080401,-71.07358231,42.34159881,250250705002,506,506,405,290,290,506,1,432,0.853754941,261,0.644444444,190,0.655172414,0,0,300,0.592885375
"Roxbury, MA",250250042,25025080401,-71.08341055,42.32318781,250250817001,481,481,338,210,226,481,1,362,0.752598753,72,0.213017751,15,0.071428571,0,0,36,0.074844075
"Roxbury, MA",250250042,25025080401,-71.08735692,42.32911375,250250806013,391,391,328,279,306,306,0.782608696,245,0.626598465,133,0.405487805,87,0.311827957,15,0.038363171,102,0.260869565
"Detroit, MI",261630033,26163573500,-83.14698398,42.30962332,261635735002,2344,2344,912,532,579,355,0.151450512,2052,0.875426621,484,0.530701754,176,0.330827068,342,0.145904437,181,0.07721843
"Detroit, MI",261630033,26163573500,-83.14350693,42.30030148,261635735001,2147,2147,1077,501,525,350,0.163018165,1612,0.750815091,637,0.591457753,246,0.491017964,205,0.095482068,173,0.08057755
"Detroit, MI",261630033,26163573500,-83.13088946,42.30799036,261635242005,1434,1434,768,378,417,1097,0.764993026,918,0.640167364,463,0.602864583,93,0.246031746,125,0.087168759,81,0.056485356
"Detroit, MI",261630033,26163573500,-83.1337388,42.30578768,261635242006,1050,1050,544,326,441,855,0.814285714,875,0.833333333,234,0.430147059,21,0.064417178,46,0.043809524,92,0.087619048
"Detroit, MI",261630033,26163573500,-83.13182986,42.31392821,261635241002,1033,1020,545,300,405,744,0.720232333,784,0.768627451,351,0.644036697,73,0.243333333,102,0.09874153,14,0.013552759
"Detroit, MI",261630033,26163573500,-83.13466154,42.31046822,261635241003,926,926,683,475,530,666,0.719222462,465,0.502159827,361,0.528550512,101,0.212631579,26,0.028077754,160,0.172786177
"Detroit, MI",261630033,26163573500,-83.13109929,42.30140355,261635243003,851,851,455,259,372,565,0.663924794,549,0.645123384,190,0.417582418,24,0.092664093,109,0.128084606,54,0.063454759
"Detroit, MI",261630033,26163573500,-83.1325091,42.30331518,261635242004,587,583,305,206,291,475,0.809199319,405,0.694682676,124,0.406557377,41,0.199029126,81,0.137989779,81,0.137989779
"St. Louis, MO",295100085,29510126700,-90.19351375,38.64461147,295101266002,1497,1149,906,375,441,1278,0.853707415,733,0.63794604,230,0.253863135,0,0,92,0.061456246,21,0.014028056
"St. Louis, MO",295100085,29510126700,-90.20839093,38.65989799,295101202001,1439,1371,791,443,677,1237,0.859624739,1052,0.767323122,203,0.256637168,0,0,126,0.087560806,166,0.115357887
"St. Louis, MO",295100085,29510126700,-90.19854413,38.64745552,295101266003,1259,1224,560,445,570,1136,0.902303415,902,0.736928105,122,0.217857143,0,0,207,0.164416203,53,0.042096902
"St. Louis, MO",295100085,29510126700,-90.20749364,38.64935489,295101271003,748,748,467,408,665,744,0.994652406,580,0.77540107,130,0.278372591,0,0,28,0.037433155,176,0.235294118
"St. Louis, MO",295100085,29510126700,-90.20661087,38.66779854,295101097002,690,690,344,222,466,602,0.872463768,570,0.826086957,66,0.191860465,0,0,94,0.136231884,38,0.055072464
"St. Louis, MO",295100085,29510126700,-90.20312013,38.66354372,295101267001,656,656,436,247,498,536,0.817073171,473,0.721036585,93,0.213302752,0,0,46,0.070121951,26,0.039634146
"St. Louis, MO",295100085,29510126700,-90.20541432,38.6503829,295101271002,630,630,309,206,315,612,0.971428571,480,0.761904762,68,0.220064725,0,0,92,0.146031746,54,0.085714286
"St. Louis, MO",295100085,29510126700,-90.19747956,38.65251578,295101266001,595,595,459,295,592,297,0.499159664,416,0.699159664,128,0.278867102,0,0,41,0.068907563,38,0.063865546
"St. Louis, MO",295100085,29510126700,-90.21747177,38.65704199,295101104001,473,473,353,219,395,473,1,143,0.302325581,61,0.172804533,0,0,0,0,59,0.124735729
"St. Louis, MO",295100085,29510126700,-90.19964325,38.65880799,295101267002,433,433,313,198,494,249,0.575057737,323,0.74595843,49,0.156549521,0,0,17,0.03926097,75,0.173210162
"St. Louis, MO",295100085,29510126700,-90.21354864,38.66238881,295101105002,368,368,265,183,273,368,1,171,0.464673913,22,0.083018868,0,0,18,0.048913043,47,0.127717391
"Bronx, NY",360050110,36005008300,-73.91400488,40.82132616,360050069001,3765,3757,2287,1112,1179,3722,0.988579017,1821,0.484695236,454,0.198513336,258,0.232014388,425,0.112881806,402,0.106772908
"Bronx, NY",360050110,36005008300,-73.89265685,40.8283365,360050125001,3057,3055,1747,915,972,3051,0.998037291,2004,0.655973813,659,0.377218088,280,0.306010929,372,0.121687929,210,0.068694799
"Bronx, NY",360050110,36005008300,-73.90904586,40.82726627,360050185001,2832,2832,1724,918,945,2770,0.978107345,1403,0.495409605,339,0.196635731,162,0.176470588,343,0.121115819,103,0.036370056
"Bronx, NY",360050110,36005008300,-73.90014456,40.82202821,360050129012,2774,2770,1663,980,1060,2743,0.988824802,1783,0.64368231,658,0.395670475,265,0.270408163,196,0.070656092,339,0.1222062
"Bronx, NY",360050110,36005008300,-73.90749326,40.8203842,360050075002,2767,2767,1564,999,1077,2767,1,1613,0.582941814,345,0.220588235,93,0.093093093,197,0.071196241,274,0.099024214
"Bronx, NY",360050110,36005008300,-73.89107687,40.82289439,360050119001,2686,2686,1575,697,733,2686,1,1988,0.740134028,885,0.561904762,248,0.355810617,299,0.111317945,56,0.020848846
"Bronx, NY",360050110,36005008300,-73.90619446,40.82723231,360050185003,2591,2580,1660,642,698,2560,0.988035508,2044,0.792248062,687,0.413855422,190,0.295950156,348,0.134311077,174,0.067155538
"Bronx, NY",360050110,36005008300,-73.91329203,40.82336984,360050141003,2371,2371,1429,836,893,2371,1,1394,0.587937579,466,0.326102169,309,0.369617225,297,0.125263602,259,0.109236609
"Bronx, NY",360050110,36005008300,-73.89601875,40.82596027,360050131002,2214,2214,1417,670,730,2203,0.995031617,671,0.303071364,410,0.289343684,81,0.120895522,205,0.092592593,162,0.073170732
"Bronx, NY",360050110,36005008300,-73.88773605,40.81534476,360050093003,2166,2101,1267,540,554,2148,0.991689751,1751,0.833412661,496,0.391475927,171,0.316666667,213,0.09833795,107,0.049399815
"Bronx, NY",360050110,36005008300,-73.9178755,40.82403624,360050173004,2129,2129,1357,888,888,2104,0.988257398,1946,0.914044152,813,0.599115696,315,0.35472973,65,0.030530766,539,0.253170503
"Bronx, NY",360050110,36005008300,-73.8993341,40.81619274,360050085002,2117,2043,1295,628,636,2072,0.978743505,1196,0.585413607,492,0.37992278,167,0.265923567,122,0.05762872,166,0.078412848
"Bronx, NY",360050110,36005008300,-73.91906763,40.81135852,360050041002,2105,2075,1291,705,818,2025,0.961995249,1588,0.765301205,368,0.285050349,219,0.310638298,0,0,134,0.063657957
"Bronx, NY",360050110,36005008300,-73.90476703,40.81982163,360050077001,2087,2087,1194,626,636,2045,0.979875419,1334,0.639195017,406,0.340033501,139,0.222044728,181,0.08672736,168,0.080498323
"Bronx, NY",360050110,36005008300,-73.91863794,40.82051198,360050067004,2059,1909,857,594,594,2059,1,1584,0.829753798,377,0.439906651,107,0.18013468,256,0.1243322,82,0.039825158
"Bronx, NY",360050110,36005008300,-73.90404216,40.81771282,360050079001,1935,1935,1136,627,643,1935,1,1534,0.792764858,502,0.441901408,209,0.333333333,208,0.10749354,233,0.120413437
"Bronx, NY",360050110,36005008300,-73.88745895,40.8197995,360050115021,1934,1760,932,473,573,1921,0.99327818,1409,0.800568182,313,0.33583691,130,0.274841438,267,0.138055843,132,0.068252327
"Bronx, NY",360050110,36005008300,-73.89859103,40.82514045,360050131003,1874,1864,1032,590,714,1868,0.996798292,1284,0.688841202,334,0.323643411,87,0.147457627,247,0.131803629,66,0.035218783
"Bronx, NY",360050110,36005008300,-73.91633622,40.81048875,360050041001,1846,1832,799,608,639,1829,0.990790899,1432,0.781659389,485,0.607008761,200,0.328947368,228,0.123510293,188,0.10184182
"Bronx, NY",360050110,36005008300,-73.90204297,40.82256713,360050133002,1817,1817,945,584,702,1817,1,1051,0.578425977,145,0.153439153,53,0.090753425,398,0.219042378,120,0.066042928
"Bronx, NY",360050110,36005008300,-73.91464119,40.81417179,360050043001,1812,1812,1150,623,651,1812,1,1392,0.768211921,523,0.454782609,236,0.378812199,195,0.107615894,59,0.032560706
"Bronx, NY",360050110,36005008300,-73.90139027,40.81427441,360050083003,1798,1782,1060,539,614,1798,1,1194,0.67003367,380,0.358490566,102,0.189239332,140,0.077864294,119,0.06618465
"Bronx, NY",360050110,36005008300,-73.90412471,40.82401896,360050133001,1795,1774,992,657,657,1730,0.963788301,1375,0.775084555,459,0.462701613,108,0.164383562,129,0.071866295,275,0.153203343
"Bronx, NY",360050110,36005008300,-73.8929007,40.81963313,360050089001,1772,1772,879,565,688,1759,0.992663657,1425,0.804176072,407,0.463026166,201,0.355752212,103,0.058126411,243,0.137133183
"Bronx, NY",360050110,36005008300,-73.91696632,40.8138868,360050043002,1754,1754,1169,648,696,1754,1,1352,0.770809578,607,0.51924722,264,0.407407407,147,0.083808438,229,0.130558723
"Bronx, NY",360050110,36005008300,-73.91799418,40.82265771,360050069004,1744,1744,630,502,502,1744,1,1514,0.868119266,168,0.266666667,96,0.19123506,142,0.081422018,51,0.029243119
"Bronx, NY",360050110,36005008300,-73.90194039,40.81320967,360050083004,1739,1739,873,418,435,1739,1,1375,0.790684301,481,0.550973654,174,0.416267943,196,0.112708453,62,0.035652674
"Bronx, NY",360050110,36005008300,-73.89756591,40.82315738,360050129011,1730,1705,916,465,495,1694,0.979190751,1629,0.95542522,361,0.394104803,54,0.116129032,93,0.053757225,254,0.146820809
"Bronx, NY",360050110,36005008300,-73.91437205,40.82477769,360050141001,1726,1726,1034,675,726,1726,1,1062,0.615295481,285,0.275628627,106,0.157037037,124,0.07184241,149,0.086326767
"Bronx, NY",360050110,36005008300,-73.89466203,40.82024447,360050087002,1704,1570,1229,488,505,1676,0.983568075,1092,0.695541401,409,0.332790887,129,0.264344262,42,0.024647887,281,0.164906103
"Bronx, NY",360050110,36005008300,-73.90871265,40.82318906,360050141002,1698,1647,982,612,629,1676,0.987043581,1080,0.655737705,196,0.199592668,128,0.209150327,178,0.104829211,54,0.03180212
"Bronx, NY",360050110,36005008300,-73.9118703,40.81874041,360050071002,1691,1629,925,645,645,1640,0.969840331,997,0.612031921,157,0.16972973,114,0.176744186,129,0.076286221,83,0.049083383
"Bronx, NY",360050110,36005008300,-73.90582462,40.81460901,360050079004,1687,1687,926,554,554,1687,1,857,0.508002371,355,0.38336933,272,0.490974729,176,0.104327208,127,0.075281565
"Bronx, NY",360050110,36005008300,-73.9055511,40.81149049,360050031001,1675,1675,1020,564,579,1646,0.982686567,726,0.433432836,289,0.283333333,155,0.274822695,101,0.060298507,138,0.08238806
"Bronx, NY",360050110,36005008300,-73.91834452,40.81889029,360050067002,1665,1665,879,502,502,1653,0.992792793,1312,0.787987988,498,0.566552901,171,0.34063745,297,0.178378378,26,0.015615616
"Bronx, NY",360050110,36005008300,-73.9099493,40.8127752,360050035002,1657,1657,1030,592,609,1657,1,1138,0.686783343,551,0.534951456,165,0.278716216,133,0.08026554,196,0.118286059
"Bronx, NY",360050110,36005008300,-73.8973424,40.8158704,360050085005,1639,1474,908,421,421,1631,0.995118975,1260,0.854816825,380,0.418502203,89,0.211401425,155,0.09456986,122,0.074435631
"Bronx, NY",360050110,36005008300,-73.91481188,40.80926157,360050033003,1637,1637,992,603,640,1601,0.978008552,1454,0.888210141,625,0.630040323,236,0.391376451,74,0.045204643,161,0.098350641
"Bronx, NY",360050110,36005008300,-73.88618945,40.81591447,360050117001,1616,1616,849,571,624,1603,0.991955446,1158,0.716584158,253,0.297997644,86,0.15061296,86,0.053217822,132,0.081683168
"Bronx, NY",360050110,36005008300,-73.89535715,40.81722428,360050089002,1601,1601,1027,575,588,1561,0.975015615,858,0.535915053,264,0.257059396,79,0.137391304,134,0.083697689,124,0.077451593
"Bronx, NY",360050110,36005008300,-73.88809974,40.825922,360050121021,1561,1561,846,511,536,1545,0.98975016,1384,0.886611147,325,0.384160757,62,0.121330724,105,0.067264574,123,0.078795644
"Bronx, NY",360050110,36005008300,-73.91024474,40.81746875,360050075001,1561,1538,891,493,528,1523,0.97565663,948,0.616384915,273,0.306397306,36,0.073022312,183,0.117232543,118,0.075592569
"Bronx, NY",360050110,36005008300,-73.91047054,40.8147828,360050073003,1548,1538,987,546,566,1519,0.98126615,1079,0.701560468,317,0.321175279,61,0.111721612,60,0.03875969,115,0.074289406
"Bronx, NY",360050110,36005008300,-73.91667818,40.81202023,360050043003,1547,1547,715,408,440,1542,0.996767938,1207,0.78021978,221,0.309090909,49,0.120098039,110,0.071105365,131,0.084680026
"Bronx, NY",360050110,36005008300,-73.9149825,40.8078689,360050027024,1534,1534,745,520,520,1534,1,1397,0.910691004,372,0.499328859,79,0.151923077,110,0.071707953,127,0.082790091
"Bronx, NY",360050110,36005008300,-73.9178718,40.80795275,360050039001,1524,1524,837,456,479,1524,1,1205,0.790682415,575,0.6869773,208,0.456140351,272,0.17847769,45,0.029527559
"Bronx, NY",360050110,36005008300,-73.91645576,40.82288467,360050069002,1518,1518,983,543,565,1294,0.852437418,946,0.623188406,458,0.465920651,231,0.425414365,105,0.06916996,227,0.149538867
"Bronx, NY",360050110,36005008300,-73.9033073,40.8257784,360050135002,1499,1490,851,561,561,1480,0.987324883,1139,0.76442953,343,0.403055229,103,0.183600713,128,0.08539026,244,0.162775183
"Bronx, NY",360050110,36005008300,-73.89287305,40.8225323,360050159001,1439,1432,860,475,534,1432,0.995135511,1117,0.780027933,425,0.494186047,127,0.267368421,34,0.023627519,246,0.17095205
"Bronx, NY",360050110,36005008300,-73.90032666,40.82851926,360050135003,1426,1426,962,545,562,1426,1,767,0.537868163,242,0.251559252,111,0.203669725,64,0.044880785,89,0.062412342
"Bronx, NY",360050110,36005008300,-73.90904185,40.81471469,360050073002,1424,1424,646,397,397,1394,0.978932584,1129,0.792837079,338,0.523219814,175,0.440806045,257,0.180477528,67,0.047050562
"Bronx, NY",360050110,36005008300,-73.88596575,40.81803018,360050115023,1398,1398,841,390,443,1391,0.994992847,803,0.574391989,331,0.393579073,82,0.21025641,124,0.08869814,104,0.074391989
"Bronx, NY",360050110,36005008300,-73.89924763,40.81968351,360050087001,1392,1392,862,465,500,1336,0.959770115,960,0.689655172,370,0.429234339,158,0.339784946,138,0.099137931,76,0.054597701
"Bronx, NY",360050110,36005008300,-73.92026496,40.82092679,360050067003,1373,1373,632,398,398,1373,1,1269,0.92425346,418,0.661392405,263,0.66080402,83,0.060451566,125,0.091041515
"Bronx, NY",360050110,36005008300,-73.88931447,40.81288655,360050093004,1373,1373,939,520,624,1373,1,922,0.671522214,341,0.36315229,123,0.236538462,10,0.007283321,140,0.101966497
"Bronx, NY",360050110,36005008300,-73.90079617,40.81817416,360050085003,1360,1360,964,392,441,1360,1,626,0.460294118,315,0.326763485,78,0.198979592,52,0.038235294,86,0.063235294
"Bronx, NY",360050110,36005008300,-73.9044284,40.81381397,360050079003,1337,1337,764,360,380,1327,0.992520568,942,0.704562453,200,0.261780105,78,0.216666667,226,0.169035153,69,0.051608078
"Bronx, NY",360050110,36005008300,-73.91321131,40.80857166,360050033002,1333,1309,577,420,437,1318,0.988747187,1066,0.814362108,168,0.291161179,76,0.180952381,89,0.066766692,53,0.03975994
"Bronx, NY",360050110,36005008300,-73.90794909,40.81221862,360050035003,1329,1305,793,469,506,1319,0.992475546,561,0.429885057,345,0.435056747,116,0.247334755,145,0.10910459,172,0.129420617
"Bronx, NY",360050110,36005008300,-73.91861431,40.82194124,360050069003,1324,1296,905,542,542,1302,0.983383686,917,0.707561728,309,0.341436464,93,0.171586716,84,0.063444109,190,0.143504532
"Bronx, NY",360050110,36005008300,-73.89646786,40.82166185,360050087005,1284,1284,748,421,454,1248,0.971962617,959,0.746884735,207,0.276737968,76,0.180522565,75,0.058411215,113,0.088006231
"Bronx, NY",360050110,36005008300,-73.9206789,40.8180074,360050065003,1268,1268,633,281,296,1225,0.966088328,875,0.690063091,113,0.178515008,59,0.209964413,193,0.152208202,20,0.015772871
"Bronx, NY",360050110,36005008300,-73.91551985,40.80695117,360050027023,1238,1238,621,396,419,1216,0.982229402,805,0.650242326,220,0.354267311,37,0.093434343,102,0.082390953,73,0.058966074
"Bronx, NY",360050110,36005008300,-73.88746838,40.81793079,360050115022,1236,1225,734,447,527,1222,0.988673139,838,0.684081633,240,0.326975477,146,0.326621924,91,0.073624595,134,0.108414239
"Bronx, NY",360050110,36005008300,-73.90371056,40.82933895,360050185002,1226,1226,760,420,420,1226,1,784,0.639477977,243,0.319736842,73,0.173809524,177,0.144371941,89,0.072593801
"Bronx, NY",360050110,36005008300,-73.8981229,40.82929072,360050151004,1215,1196,784,378,441,1215,1,841,0.703177258,344,0.43877551,116,0.306878307,101,0.083127572,210,0.172839506
"Bronx, NY",360050110,36005008300,-73.9053386,40.8223495,360050133004,1171,1171,899,549,549,1171,1,701,0.598633646,429,0.477196885,98,0.178506375,0,0,238,0.20324509
"Bronx, NY",360050110,36005008300,-73.90747108,40.81458914,360050073001,1167,1150,772,416,450,1154,0.988860326,929,0.807826087,457,0.591968912,84,0.201923077,85,0.072836332,90,0.077120823
"Bronx, NY",360050110,36005008300,-73.89926511,40.82714434,360050131001,1152,1152,538,378,404,1139,0.988715278,647,0.561631944,240,0.446096654,119,0.314814815,99,0.0859375,118,0.102430556
"Bronx, NY",360050110,36005008300,-73.9040204,40.8220403,360050133003,1151,1151,662,441,479,1151,1,585,0.508253692,248,0.374622356,64,0.145124717,53,0.046046916,60,0.052128584
"Bronx, NY",360050110,36005008300,-73.9199846,40.8099857,360050039004,1147,1095,630,432,486,1147,1,504,0.460273973,166,0.263492063,121,0.280092593,103,0.089799477,98,0.085440279
"Bronx, NY",360050110,36005008300,-73.88694695,40.81323225,360050093005,1124,1117,670,243,367,1123,0.99911032,851,0.761862131,296,0.441791045,48,0.197530864,49,0.043594306,75,0.066725979
"Bronx, NY",360050110,36005008300,-73.9086523,40.8172195,360050075003,1117,1117,753,554,586,1084,0.97045658,739,0.661593554,311,0.413014608,112,0.202166065,17,0.015219338,239,0.21396598
"Bronx, NY",360050110,36005008300,-73.89348848,40.82533944,360050127012,1080,1080,667,338,373,1057,0.978703704,674,0.624074074,175,0.262368816,68,0.201183432,23,0.021296296,107,0.099074074
"Bronx, NY",360050110,36005008300,-73.91658216,40.81280174,360050043004,1077,1077,672,368,368,1077,1,656,0.60909935,190,0.282738095,80,0.217391304,71,0.065923863,135,0.125348189
"Bronx, NY",360050110,36005008300,-73.90693194,40.82506332,360050185004,1074,1074,621,412,412,1074,1,508,0.472998138,139,0.223832528,131,0.317961165,33,0.030726257,53,0.049348231
"Bronx, NY",360050110,36005008300,-73.91547444,40.81895177,360050067001,1046,1046,754,336,397,1046,1,842,0.804971319,461,0.611405836,123,0.366071429,27,0.02581262,152,0.145315488
"Bronx, NY",360050110,36005008300,-73.9064207,40.8163601,360050079006,1044,1044,619,356,356,1044,1,742,0.710727969,247,0.399030695,80,0.224719101,127,0.12164751,148,0.141762452
"Bronx, NY",360050110,36005008300,-73.91100682,40.82031417,360050071001,1011,1011,769,337,353,1004,0.993076162,270,0.267062315,196,0.254876463,82,0.243323442,25,0.024727992,179,0.177052423
"Bronx, NY",360050110,36005008300,-73.91283563,40.80668762,360050027021,1010,1010,659,455,478,952,0.942574257,685,0.678217822,277,0.420333839,114,0.250549451,48,0.047524752,99,0.098019802
"Bronx, NY",360050110,36005008300,-73.92093712,40.81596575,360050065001,1002,980,745,348,395,820,0.818363273,494,0.504081633,249,0.334228188,119,0.341954023,41,0.040918164,61,0.060878244
"Bronx, NY",360050110,36005008300,-73.89690066,40.82046849,360050087004,959,942,653,359,359,937,0.977059437,509,0.540339703,255,0.39050536,56,0.155988858,71,0.074035454,24,0.025026069
"Bronx, NY",360050110,36005008300,-73.9025451,40.8121847,360050083005,948,948,628,349,349,932,0.983122363,488,0.514767932,295,0.469745223,155,0.444126074,103,0.108649789,110,0.116033755
"Bronx, NY",360050110,36005008300,-73.88933544,40.81783989,360050093002,939,939,535,278,341,930,0.990415335,674,0.717784878,232,0.43364486,27,0.097122302,124,0.132055378,71,0.075612354
"Bronx, NY",360050110,36005008300,-73.89023121,40.8261412,360050127011,902,893,652,399,477,879,0.974501109,712,0.79731243,209,0.320552147,110,0.275689223,43,0.04767184,129,0.143015521
"Bronx, NY",360050110,36005008300,-73.91988087,40.81732642,360050065004,879,879,401,226,226,879,1,575,0.654152446,141,0.351620948,0,0,85,0.096700796,28,0.03185438
"Bronx, NY",360050110,36005008300,-73.8898761,40.8221676,360050119004,860,860,536,374,438,860,1,719,0.836046512,279,0.520522388,133,0.355614973,73,0.084883721,209,0.243023256
"Bronx, NY",360050110,36005008300,-73.90892107,40.81033241,360050035001,835,835,452,267,284,835,1,654,0.783233533,168,0.371681416,40,0.149812734,134,0.160479042,73,0.08742515
"Bronx, NY",360050110,36005008300,-73.88792888,40.82427721,360050119005,826,826,513,397,449,804,0.973365617,654,0.791767554,215,0.419103314,118,0.297229219,28,0.033898305,171,0.207021792
"Bronx, NY",360050110,36005008300,-73.88889743,40.82360281,360050119002,809,809,451,281,298,809,1,492,0.60815822,155,0.34368071,109,0.387900356,7,0.008652658,76,0.09394314
"Bronx, NY",360050110,36005008300,-73.90230329,40.82732984,360050135001,792,792,483,254,367,792,1,243,0.306818182,148,0.306418219,16,0.062992126,66,0.083333333,61,0.077020202
"Bronx, NY",360050110,36005008300,-73.898126,40.8163356,360050085004,791,791,537,282,299,791,1,465,0.587863464,241,0.448789572,41,0.145390071,75,0.094816688,103,0.130214918
"Bronx, NY",360050110,36005008300,-73.91375611,40.80508908,360050027022,756,610,390,96,96,756,1,336,0.550819672,211,0.541025641,29,0.302083333,84,0.111111111,4,0.005291005
"Bronx, NY",360050110,36005008300,-73.90215978,40.81495555,360050083002,756,756,484,261,261,756,1,520,0.687830688,188,0.388429752,15,0.057471264,0,0,34,0.044973545
"Bronx, NY",360050110,36005008300,-73.89653372,40.81789969,360050087003,754,754,489,268,268,754,1,435,0.576923077,170,0.347648262,45,0.167910448,38,0.050397878,79,0.104774536
"Bronx, NY",360050110,36005008300,-73.9057312,40.82522569,360050185005,726,726,482,286,378,726,1,403,0.555096419,127,0.263485477,33,0.115384615,72,0.099173554,14,0.019283747
"Bronx, NY",360050110,36005008300,-73.91081682,40.80791398,360050033001,723,723,451,193,209,718,0.993084371,411,0.56846473,159,0.352549889,21,0.10880829,64,0.088520055,44,0.060857538
"Bronx, NY",360050110,36005008300,-73.898757,40.8144892,360050085001,680,624,396,214,231,680,1,433,0.693910256,198,0.5,74,0.345794393,38,0.055882353,45,0.066176471
"Bronx, NY",360050110,36005008300,-73.90087943,40.81220395,360050083006,669,669,513,247,247,669,1,229,0.342301943,160,0.311890838,86,0.348178138,62,0.092675635,78,0.116591928
"Bronx, NY",360050110,36005008300,-73.90216621,40.81620864,360050083001,665,665,465,270,290,652,0.980451128,443,0.666165414,219,0.470967742,184,0.681481481,61,0.091729323,74,0.111278195
"Bronx, NY",360050110,36005008300,-73.91712876,40.81969287,360050067006,626,626,429,207,238,626,1,336,0.536741214,240,0.559440559,69,0.333333333,31,0.049520767,71,0.11341853
"Bronx, NY",360050110,36005008300,-73.90345284,40.8165198,360050079002,601,553,350,214,250,591,0.983361065,421,0.761301989,173,0.494285714,37,0.172897196,56,0.093178037,15,0.024958403
"Bronx, NY",360050110,36005008300,-73.9072383,40.8175905,360050075004,594,594,319,230,230,580,0.976430976,443,0.745791246,127,0.398119122,16,0.069565217,38,0.063973064,25,0.042087542
"Bronx, NY",360050110,36005008300,-73.9178457,40.8181002,360050067005,545,545,413,280,280,545,1,417,0.765137615,153,0.370460048,91,0.325,16,0.029357798,195,0.357798165
"Bronx, NY",360050110,36005008300,-73.9047219,40.816054,360050079005,447,447,285,206,234,447,1,286,0.639821029,167,0.585964912,15,0.072815534,0,0,67,0.149888143
"Bronx, NY",360050110,36005008300,-73.89491005,40.82205037,360050159002,423,423,314,174,174,419,0.990543735,334,0.789598109,218,0.694267516,49,0.281609195,0,0,77,0.182033097
"Bronx, NY",360050110,36005008300,-73.8900273,40.8241376,360050119003,293,293,238,128,164,293,1,226,0.771331058,86,0.361344538,28,0.21875,55,0.187713311,39,0.133105802
"Bronx, NY",360050110,36005008300,-73.912187,40.8114424,360050037001,292,292,208,143,143,236,0.808219178,185,0.633561644,65,0.3125,4,0.027972028,0,0,5,0.017123288
"Bronx, NY",360050110,36005008300,-73.8848464,40.8140772,360050117002,0,0,0,0,0,0,0,0,0,0,0,0,0,0,0,0,0
"Bronx, NY",360050110,36005008300,-73.89350543,40.81531606,360050093001,0,0,0,0,0,0,0,0,0,0,0,0,0,0,0,0,0
"Rochester, NY",360551007,36055007700,-77.53445909,43.14461127,360550125002,1487,1487,1206,684,684,167,0.112306658,316,0.212508406,70,0.058043118,14,0.020467836,173,0.116341627,280,0.188298588
"Rochester, NY",360551007,36055007700,-77.56453604,43.14785362,360550078012,1354,1354,1207,976,1020,290,0.214180207,377,0.278434269,67,0.055509528,0,0,44,0.032496307,347,0.256277696
"Rochester, NY",360551007,36055007700,-77.56899654,43.14512289,360550078011,1323,1323,946,505,559,160,0.120937264,439,0.331821618,127,0.134249471,0,0,0,0,94,0.071050642
"Rochester, NY",360551007,36055007700,-77.54822447,43.13194032,360550126006,1312,1312,918,514,514,106,0.080792683,26,0.019817073,0,0,0,0,17,0.012957317,240,0.182926829
"Rochester, NY",360551007,36055007700,-77.54631475,43.14836564,360550077001,1109,1039,813,581,619,309,0.278629396,327,0.314725698,46,0.056580566,97,0.166953528,117,0.105500451,218,0.19657349
"Rochester, NY",360551007,36055007700,-77.55429281,43.1583933,360550076002,945,945,656,422,422,325,0.343915344,356,0.376719577,18,0.027439024,0,0,11,0.011640212,98,0.103703704
"Rochester, NY",360551007,36055007700,-77.563394,43.14015466,360550078022,822,822,678,415,421,59,0.071776156,116,0.141119221,24,0.03539823,6,0.014457831,35,0.042579075,182,0.221411192
"Rochester, NY",360551007,36055007700,-77.54410327,43.13744147,360550126002,784,784,662,465,535,77,0.098214286,151,0.192602041,15,0.02265861,0,0,21,0.026785714,135,0.172193878
"Rochester, NY",360551007,36055007700,-77.54742175,43.15508255,360550076001,743,743,594,378,386,148,0.199192463,65,0.087483176,34,0.057239057,0,0,7,0.009421265,172,0.231493943
"Rochester, NY",360551007,36055007700,-77.5544807,43.14003862,360550078021,733,697,571,343,360,105,0.14324693,91,0.130559541,9,0.015761821,0,0,38,0.051841746,152,0.207366985
"Rochester, NY",360551007,36055007700,-77.54985909,43.15056446,360550077002,699,699,509,357,439,71,0.101573677,103,0.147353362,42,0.082514735,0,0,40,0.057224607,79,0.113018598
"Rochester, NY",360551007,36055007700,-77.55736332,43.15499444,360550076003,682,682,533,311,355,254,0.372434018,167,0.244868035,1,0.001876173,0,0,62,0.090909091,44,0.064516129
"Rochester, NY",360551007,36055007700,-77.5561407,43.15176649,360550077003,673,673,623,375,405,90,0.133729569,352,0.523031204,75,0.120385233,65,0.173333333,0,0,151,0.224368499
"Rochester, NY",360551007,36055007700,-77.53886,43.13930804,360550126001,580,580,523,367,465,80,0.137931034,148,0.255172414,14,0.026768642,0,0,25,0.043103448,213,0.367241379
"Portland, OR",410512010,41051003401,-122.6586704,45.55206616,410510033022,1887,1887,1439,747,848,948,0.502384738,748,0.396396396,133,0.092425295,26,0.03480589,88,0.04663487,137,0.072602014
"Portland, OR",410512010,41051003401,-122.6852926,45.56626376,410510038033,1760,1753,1365,625,758,495,0.28125,628,0.358243012,124,0.090842491,4,0.0064,89,0.050568182,45,0.025568182
"Portland, OR",410512010,41051003401,-122.6640059,45.55150421,410510034021,1603,1603,1229,653,662,368,0.229569557,518,0.323144105,15,0.012205045,0,0,95,0.05926388,69,0.043044292
"Portland, OR",410512010,41051003401,-122.6737107,45.551205,410510034023,1435,1435,1020,709,770,639,0.445296167,445,0.31010453,32,0.031372549,11,0.01551481,34,0.02369338,37,0.025783972
"Portland, OR",410512010,41051003401,-122.6851156,45.55281534,410510035022,1396,1396,1064,532,565,215,0.154011461,223,0.15974212,0,0,16,0.030075188,85,0.060888252,195,0.139684814
"Portland, OR",410512010,41051003401,-122.6531756,45.55190773,410510033021,1323,1312,1038,525,525,352,0.26606198,298,0.227134146,60,0.057803468,0,0,39,0.029478458,112,0.084656085
"Portland, OR",410512010,41051003401,-122.6779076,45.56600617,410510038032,1312,1312,1059,595,621,644,0.490853659,579,0.441310976,79,0.074598678,18,0.030252101,99,0.075457317,122,0.092987805
"Portland, OR",410512010,41051003401,-122.688607,45.56141887,410510035012,1257,1257,976,448,448,298,0.237072395,150,0.119331742,26,0.026639344,0,0,72,0.057279236,128,0.101829753
"Portland, OR",410512010,41051003401,-122.6566852,45.56124365,410510033013,1243,1243,960,455,475,432,0.347546259,597,0.480289622,147,0.153125,0,0,80,0.064360418,65,0.05229284
"Portland, OR",410512010,41051003401,-122.6712421,45.56594442,410510037023,1234,1234,1080,537,537,265,0.214748784,394,0.319286872,71,0.065740741,0,0,46,0.037277147,87,0.070502431
"Portland, OR",410512010,41051003401,-122.6576518,45.5654747,410510036014,1182,1174,987,472,472,228,0.192893401,198,0.168654174,7,0.007092199,0,0,33,0.027918782,54,0.045685279
"Portland, OR",410512010,41051003401,-122.6517576,45.55894585,410510033011,1181,1181,935,418,453,189,0.16003387,334,0.282811177,25,0.026737968,0,0,89,0.075359865,98,0.082980525
"Portland, OR",410512010,41051003401,-122.6652158,45.56094458,410510034011,1051,1051,611,367,389,201,0.191246432,355,0.337773549,0,0,0,0,11,0.010466223,50,0.047573739
"Portland, OR",410512010,41051003401,-122.6650693,45.5569548,410510034012,1042,1042,723,407,416,528,0.50671785,422,0.404990403,102,0.141078838,9,0.022113022,39,0.037428023,54,0.051823417
"Portland, OR",410512010,41051003401,-122.6713761,45.560003,410510034014,1032,1032,718,457,457,427,0.41375969,507,0.49127907,40,0.055710306,11,0.024070022,48,0.046511628,41,0.039728682
"Portland, OR",410512010,41051003401,-122.6780746,45.55196722,410510035021,1030,1030,873,446,492,195,0.189320388,422,0.409708738,32,0.036655212,11,0.024663677,62,0.060194175,39,0.037864078
"Portland, OR",410512010,41051003401,-122.6885475,45.55859469,410510035013,1013,1006,727,384,384,315,0.310957552,223,0.22166998,55,0.07565337,0,0,89,0.087857848,56,0.055281343
"Portland, OR",410512010,41051003401,-122.6693261,45.55137815,410510034022,924,924,715,337,337,369,0.399350649,433,0.468614719,59,0.082517483,2,0.005934718,88,0.095238095,101,0.109307359
"Portland, OR",410512010,41051003401,-122.6580459,45.55767689,410510033012,845,845,644,357,402,291,0.344378698,313,0.370414201,25,0.038819876,0,0,36,0.04260355,10,0.01183432
"Portland, OR",410512010,41051003401,-122.6626406,45.54670474,410510022032,843,843,708,396,396,83,0.098457888,230,0.272835113,0,0,0,0,36,0.042704626,26,0.03084223
"Portland, OR",410512010,41051003401,-122.6650968,45.56820693,410510037021,765,756,583,291,291,134,0.175163399,130,0.171957672,5,0.008576329,0,0,25,0.032679739,74,0.096732026
"Portland, OR",410512010,41051003401,-122.6690222,45.54498734,410510022031,753,732,631,387,396,124,0.164674635,282,0.385245902,53,0.083993661,0,0,57,0.075697211,77,0.102257636
"Portland, OR",410512010,41051003401,-122.6525843,45.56553328,410510036011,742,742,592,308,308,270,0.363881402,182,0.245283019,14,0.023648649,0,0,52,0.070080863,61,0.082210243
"Portland, OR",410512010,41051003401,-122.6765348,45.55916253,410510035014,726,726,663,420,463,366,0.504132231,314,0.432506887,113,0.170437406,22,0.052380952,12,0.016528926,180,0.247933884
"Portland, OR",410512010,41051003401,-122.6712215,45.55610831,410510034013,703,703,526,305,305,226,0.321479374,104,0.147937411,22,0.041825095,0,0,48,0.068278805,39,0.055476529
"Portland, OR",410512010,41051003401,-122.6805455,45.5596383,410510035011,648,628,508,329,374,120,0.185185185,226,0.359872611,0,0,0,0,42,0.064814815,18,0.027777778
"Portland, OR",410512010,41051003401,-122.6652855,45.56465039,410510037022,603,603,489,206,206,146,0.24212272,150,0.248756219,17,0.034764826,0,0,8,0.013266998,79,0.131011609
"La Grande, OR",410610123,41061970800,-118.0829634,45.31605068,410619707003,1454,1414,825,576,687,178,0.122420908,868,0.613861386,27,0.032727273,9,0.015625,103,0.070839065,227,0.156121045
"La Grande, OR",410610123,41061970800,-118.0724296,45.32026454,410619708003,1109,1109,714,431,431,117,0.105500451,622,0.560865645,74,0.103641457,0,0,40,0.03606853,211,0.190261497
"La Grande, OR",410610123,41061970800,-118.0907346,45.31989607,410619707002,1045,696,462,329,352,299,0.286124402,305,0.438218391,1,0.002164502,0,0,13,0.012440191,107,0.102392344
"La Grande, OR",410610123,41061970800,-118.0780636,45.32641503,410619708002,858,858,440,383,447,90,0.104895105,600,0.699300699,45,0.102272727,0,0,96,0.111888112,84,0.097902098
"La Grande, OR",410610123,41061970800,-118.059372,45.33014737,410619708001,809,809,550,364,364,31,0.038318912,264,0.326328801,9,0.016363636,0,0,95,0.117428925,203,0.25092707
"La Grande, OR",410610123,41061970800,-118.0868313,45.33233889,410619704003,732,732,564,341,442,31,0.042349727,328,0.448087432,97,0.171985816,0,0,58,0.079234973,113,0.154371585
"La Grande, OR",410610123,41061970800,-118.0926042,45.32485443,410619707001,668,668,416,342,482,127,0.19011976,448,0.670658683,40,0.096153846,0,0,26,0.038922156,33,0.049401198
"Providence, RI",440070022,44007000400,-71.43175305,41.80757022,440070014002,2561,2561,1459,652,692,2316,0.904334244,1368,0.534166341,534,0.366004112,137,0.210122699,94,0.036704412,33,0.012885592
"Providence, RI",440070022,44007000400,-71.42138434,41.80061197,440070003004,2344,2306,1329,644,671,2248,0.959044369,1495,0.64830876,562,0.422874342,175,0.27173913,195,0.083191126,167,0.071245734
"Providence, RI",440070022,44007000400,-71.42526297,41.81481499,440070012001,2163,2076,1129,686,686,1973,0.912159038,1316,0.633911368,333,0.294951284,136,0.198250729,120,0.055478502,120,0.055478502
"Providence, RI",440070022,44007000400,-71.40922349,41.79742184,440070005003,1608,1608,827,483,505,1527,0.949626866,1334,0.82960199,270,0.326481258,56,0.115942029,146,0.09079602,78,0.048507463
"Providence, RI",440070022,44007000400,-71.43415548,41.80397796,440070014004,1564,1564,1110,366,370,1531,0.978900256,571,0.365089514,326,0.293693694,36,0.098360656,83,0.053069054,255,0.163043478
"Providence, RI",440070022,44007000400,-71.41762115,41.81252594,440070007002,1444,1439,830,427,462,1390,0.962603878,873,0.6066713,200,0.240963855,32,0.074941452,73,0.050554017,79,0.054709141
"Providence, RI",440070022,44007000400,-71.42055015,41.79831922,440070002001,1442,1434,826,517,635,1131,0.784327323,553,0.385634589,485,0.58716707,171,0.330754352,0,0,170,0.117891817
"Providence, RI",440070022,44007000400,-71.4097696,41.80521511,440070006002,1385,1385,592,337,455,1324,0.955956679,898,0.648375451,177,0.298986486,59,0.175074184,123,0.088808664,102,0.073646209
"Providence, RI",440070022,44007000400,-71.42684457,41.8058552,440070003005,1345,1278,730,413,543,1033,0.76802974,1056,0.82629108,99,0.135616438,75,0.181598063,74,0.055018587,103,0.076579926
"Providence, RI",440070022,44007000400,-71.42289164,41.79470687,440070002002,1276,1276,790,362,389,1113,0.872257053,615,0.481974922,149,0.188607595,65,0.179558011,67,0.052507837,180,0.141065831
"Providence, RI",440070022,44007000400,-71.4192954,41.7960244,440070002003,1191,1191,662,300,391,1191,1,1031,0.86565911,164,0.247734139,21,0.07,37,0.031066331,95,0.079764903
"Providence, RI",440070022,44007000400,-71.42837891,41.80017951,440070003006,1164,1164,726,351,393,1164,1,437,0.375429553,202,0.278236915,197,0.561253561,152,0.130584192,145,0.124570447
"Providence, RI",440070022,44007000400,-71.41536069,41.81898968,440070008002,1157,948,899,824,839,809,0.699222126,836,0.88185654,382,0.424916574,294,0.356796117,41,0.035436474,158,0.136560069
"Providence, RI",440070022,44007000400,-71.41366278,41.80365562,440070004003,1153,1153,674,361,391,1151,0.998265395,747,0.647875108,131,0.194362018,128,0.354570637,153,0.132697311,39,0.033824805
"Providence, RI",440070022,44007000400,-71.43048448,41.81002317,440070014001,1068,1068,764,292,374,1019,0.95411985,705,0.66011236,299,0.391361257,68,0.232876712,0,0,148,0.138576779
"Providence, RI",440070022,44007000400,-71.41808355,41.80863363,440070004001,1062,1062,705,310,366,1001,0.942561205,688,0.647834275,152,0.215602837,22,0.070967742,28,0.026365348,107,0.100753296
"Providence, RI",440070022,44007000400,-71.4098163,41.80084328,440070005001,992,992,610,399,477,905,0.912298387,707,0.712701613,219,0.359016393,115,0.288220551,47,0.047379032,121,0.121975806
"Providence, RI",440070022,44007000400,-71.43357781,41.81178826,440070013002,969,969,709,352,466,537,0.554179567,582,0.600619195,205,0.289139633,0,0,107,0.110423117,65,0.067079463
"Providence, RI",440070022,44007000400,-71.41718009,41.80595479,440070004002,947,947,503,213,281,800,0.844772967,593,0.626187962,131,0.260437376,45,0.211267606,86,0.090813094,95,0.10031679
"Providence, RI",440070022,44007000400,-71.42428215,41.81927152,440070011002,942,942,764,394,500,280,0.297239915,370,0.392781316,161,0.210732984,42,0.106598985,76,0.080679406,32,0.033970276
"Providence, RI",440070022,44007000400,-71.41736879,41.80287724,440070004004,887,887,551,321,368,837,0.943630214,659,0.742953777,190,0.344827586,47,0.146417445,52,0.058624577,94,0.105975197
"Providence, RI",440070022,44007000400,-71.41558282,41.7967239,440070002004,776,776,424,187,262,678,0.87371134,704,0.907216495,186,0.438679245,14,0.07486631,142,0.182989691,23,0.029639175
"Providence, RI",440070022,44007000400,-71.42829483,41.81439792,440070012002,723,723,476,313,348,343,0.474412172,431,0.596127248,152,0.319327731,106,0.338658147,34,0.047026279,91,0.125864454
"Providence, RI",440070022,44007000400,-71.42399935,41.80445593,440070003003,648,648,482,290,346,512,0.790123457,271,0.418209877,164,0.340248963,40,0.137931034,0,0,76,0.117283951
"Providence, RI",440070022,44007000400,-71.41904112,41.81492079,440070007003,607,607,475,244,282,450,0.741350906,513,0.845140033,226,0.475789474,67,0.274590164,50,0.082372323,156,0.257001647
"Providence, RI",440070022,44007000400,-71.4256661,41.81122172,440070012003,595,595,282,185,264,477,0.801680672,339,0.569747899,87,0.308510638,7,0.037837838,51,0.085714286,22,0.03697479
"Providence, RI",440070022,44007000400,-71.42197546,41.80351135,440070003002,510,508,240,203,441,437,0.856862745,270,0.531496063,12,0.05,15,0.073891626,30,0.058823529,54,0.105882353
"Providence, RI",440070022,44007000400,-71.41393503,41.81326968,440070007001,456,436,418,298,330,346,0.75877193,348,0.798165138,219,0.523923445,100,0.33557047,0,0,166,0.364035088
"Providence, RI",440070022,44007000400,-71.41448363,41.80022019,440070005002,443,443,301,209,238,443,1,271,0.611738149,108,0.358803987,76,0.363636364,24,0.054176072,121,0.273137698
"Providence, RI",440070022,44007000400,-71.40923676,41.81222272,440070006001,404,193,300,138,157,139,0.344059406,36,0.186528497,27,0.09,18,0.130434783,0,0,157,0.388613861
"Providence, RI",440070022,44007000400,-71.42263232,41.80862446,440070003001,378,370,255,291,320,257,0.67989418,248,0.67027027,135,0.529411765,86,0.295532646,46,0.121693122,125,0.330687831
"Chesterfield, SC",450250001,45025950800,,,,,,,,,,,,,,,,,,,,
"Houston, TX",482011039,48201342300,-95.12628601,29.66867423,482013423003,3852,3852,2284,1177,1415,2438,0.632917965,1371,0.355919003,693,0.303415061,75,0.063721325,338,0.087746625,278,0.072170301
"Houston, TX",482011039,48201342300,-95.11548283,29.66103826,482013430001,3128,3128,1759,1087,1386,1368,0.437340153,1010,0.322890026,166,0.094371802,14,0.012879485,264,0.084398977,238,0.076086957
"Houston, TX",482011039,48201342300,-95.11779273,29.67422442,482013429002,2434,2434,1617,951,1040,1204,0.494658998,935,0.384141331,328,0.202844774,26,0.027339642,0,0,382,0.156943303
"Houston, TX",482011039,48201342300,-95.13301666,29.67869998,482013423001,2202,2173,1303,642,642,1418,0.643960036,360,0.165669581,265,0.203376823,46,0.07165109,300,0.136239782,211,0.09582198
"Houston, TX",482011039,48201342300,-95.13362363,29.67393903,482013423002,1426,1426,817,474,530,871,0.610799439,472,0.330995792,85,0.104039168,38,0.080168776,71,0.049789621,117,0.082047686
"Houston, TX",482011039,48201342300,-95.13851568,29.66796071,482013422003,1275,1275,612,397,479,831,0.651764706,525,0.411764706,65,0.10620915,18,0.04534005,183,0.143529412,70,0.054901961
"Houston, TX",482011039,48201342300,-95.11654527,29.6670859,482013429001,694,694,623,327,327,155,0.223342939,279,0.402017291,64,0.102728732,0,0,0,0,260,0.374639769
"Karnack, TX",482030002,48203020102,,,,,,,,,,,,,,,,,,,,
"Bountiful, UT",490110004,49011126600,-111.9006344,40.90082764,490111270031,2692,2692,1744,817,817,286,0.106240713,514,0.190936107,60,0.03440367,0,0,199,0.073922734,314,0.116641902
"Bountiful, UT",490110004,49011126600,-111.8818171,40.90950636,490111263063,2083,2083,1524,801,822,219,0.105136822,258,0.123859818,2,0.001312336,16,0.019975031,258,0.123859818,500,0.240038406
"Bountiful, UT",490110004,49011126600,-111.8848628,40.90346504,490111266001,2035,2025,1235,660,660,107,0.052579853,429,0.211851852,51,0.041295547,0,0,155,0.076167076,247,0.121375921
"Bountiful, UT",490110004,49011126600,-111.8756703,40.89906966,490111266002,1968,1968,1093,684,684,239,0.121443089,952,0.483739837,63,0.057639524,11,0.016081871,182,0.092479675,322,0.163617886
"Bountiful, UT",490110004,49011126600,-111.8875269,40.89148458,490111267001,1580,1555,985,626,672,350,0.221518987,664,0.427009646,67,0.068020305,24,0.038338658,145,0.091772152,202,0.127848101
"Bountiful, UT",490110004,49011126600,-111.8763827,40.891246,490111267003,1284,1284,750,470,470,128,0.099688474,589,0.458722741,55,0.073333333,26,0.055319149,121,0.09423676,223,0.173676012
"Bountiful, UT",490110004,49011126600,-111.8673254,40.90302575,490111265002,1195,1195,755,334,334,280,0.234309623,191,0.159832636,7,0.009271523,0,0,106,0.088702929,180,0.150627615
"Bountiful, UT",490110004,49011126600,-111.885687,40.89691315,490111266003,1166,1089,763,479,554,178,0.152658662,432,0.396694215,69,0.090432503,0,0,71,0.060891938,181,0.155231561
"Bountiful, UT",490110004,49011126600,-111.8676454,40.89747365,490111265003,885,885,501,291,291,12,0.013559322,115,0.129943503,0,0,0,0,0,0,135,0.152542373
"Underhill, VT",500070007,50007002900,-72.87428366,44.52464896,500070029003,1290,1290,932,480,535,66,0.051162791,80,0.062015504,6,0.006437768,0,0,51,0.039534884,247,0.191472868
"Richmond, VA",510870014,51087201003,-77.3911113,37.56720518,510872010031,2492,2492,1691,1022,1062,2259,0.906500803,946,0.379614767,250,0.147841514,15,0.014677104,110,0.044141252,459,0.184189406
"Richmond, VA",510870014,51087201003,-77.40716475,37.54942394,517600202002,2379,2379,1336,749,774,2289,0.962168979,1942,0.816309374,398,0.297904192,0,0,296,0.124422026,229,0.096258932
"Richmond, VA",510870014,51087201003,-77.39981105,37.54553749,517600202001,2180,2180,1177,782,853,2180,1,1947,0.893119266,393,0.333899745,0,0,203,0.093119266,195,0.089449541
"Richmond, VA",510870014,51087201003,-77.4161866,37.55450247,517600201001,2083,2083,959,601,664,2067,0.992318771,1727,0.829092655,353,0.368091762,8,0.013311148,361,0.173307729,112,0.053768603
"Richmond, VA",510870014,51087201003,-77.39445765,37.55983397,510872010032,2009,1989,1677,947,1029,1942,0.966650075,629,0.316239316,209,0.124627311,0,0,65,0.032354405,537,0.267297163
"Richmond, VA",510870014,51087201003,-77.40237048,37.55374825,510872010033,928,880,702,462,487,928,1,591,0.671590909,253,0.36039886,0,0,32,0.034482759,247,0.266163793
"Richmond, VA",510870014,51087201003,-77.4125908,37.54625806,517600204001,864,864,735,434,463,837,0.96875,540,0.625,337,0.458503401,0,0,25,0.028935185,203,0.234953704
"Seattle, WA",530330080,53033010001,-122.2923648,47.56907467,530330101004,2056,1908,1560,836,884,1362,0.662451362,637,0.333857442,220,0.141025641,85,0.101674641,44,0.021400778,428,0.208171206
"Seattle, WA",530330080,53033010001,-122.2863709,47.56929339,530330101005,1984,1984,1522,822,868,1116,0.5625,631,0.318044355,176,0.115637319,53,0.064476886,139,0.070060484,298,0.150201613
"Seattle, WA",530330080,53033010001,-122.3121607,47.57884864,530330100022,1852,1852,1198,729,750,1279,0.690604752,602,0.325053996,183,0.152754591,169,0.231824417,123,0.066414687,91,0.049136069
"Seattle, WA",530330080,53033010001,-122.2970604,47.56372116,530330100013,1846,1846,981,639,745,1393,0.75460455,1192,0.645720477,350,0.356778797,259,0.405320814,111,0.060130011,175,0.094799567
"Seattle, WA",530330080,53033010001,-122.2932935,47.56517483,530330101003,1613,1598,1094,545,545,1253,0.776813391,862,0.53942428,102,0.093235832,0,0,260,0.161190329,28,0.017358958
"Seattle, WA",530330080,53033010001,-122.3086603,47.55768648,530330104022,1610,1593,1192,563,563,1346,0.836024845,336,0.210922787,215,0.180369128,113,0.20071048,68,0.042236025,181,0.11242236
"Seattle, WA",530330080,53033010001,-122.3147757,47.55677911,530330104024,1524,1524,1021,472,472,942,0.618110236,280,0.183727034,153,0.149853085,42,0.088983051,90,0.059055118,193,0.12664042
"Seattle, WA",530330080,53033010001,-122.313595,47.56592578,530330100012,1375,1306,1034,469,529,748,0.544,170,0.130168453,165,0.159574468,36,0.076759062,75,0.054545455,211,0.153454545
"Seattle, WA",530330080,53033010001,-122.2939316,47.5771424,530330095004,1327,1314,970,645,645,738,0.556141673,506,0.385083714,89,0.091752577,52,0.080620155,40,0.03014318,183,0.137905049
"Seattle, WA",530330080,53033010001,-122.3079908,47.57342536,530330100024,1214,1197,965,487,527,761,0.626853377,425,0.355054302,208,0.215544041,50,0.102669405,55,0.045304778,215,0.177100494
"Seattle, WA",530330080,53033010001,-122.3011392,47.57301634,530330100011,1055,1055,857,431,431,649,0.615165877,153,0.145023697,42,0.049008168,0,0,29,0.027488152,132,0.125118483
"Seattle, WA",530330080,53033010001,-122.3195876,47.57076619,530330093003,1005,1005,840,468,505,556,0.553233831,161,0.160199005,56,0.066666667,29,0.061965812,15,0.014925373,107,0.106467662
"Seattle, WA",530330080,53033010001,-122.3059045,47.57810949,530330100023,932,932,719,322,367,541,0.580472103,174,0.186695279,46,0.063977747,27,0.083850932,62,0.066523605,83,0.089055794
"Seattle, WA",530330080,53033010001,-122.3139308,47.57544651,530330100021,819,819,621,321,321,360,0.43956044,217,0.264957265,147,0.236714976,56,0.174454829,40,0.048840049,95,0.115995116
"Horicon, WI",550270001,55027961200,-88.62607553,43.45843966,550279612001,911,891,658,340,353,138,0.151481888,202,0.22671156,100,0.151975684,17,0.05,79,0.086717892,88,0.096597146
